"Txhash","Blockno","UnixTimestamp","DateTime","From","To","ContractAddress","Value_IN(ETH)","Value_OUT(ETH)","CurrentValue @ $2948.53861537816/ETH","TxnFee(ETH)","TxnFee(USD)","Historical $Price/ETH","Status","ErrCode","Method"
0x3779948d8103210367e91228b0c16e01d81968898d42a3391e56839615cb99f2,"29175811","1711970795","2024-04-01 11:26:35","0xd96b642ca70edb30e58248689ceafc6e36785d68","0xd7a4467a26d26d00cb6044ce09ebd69edac0564c","","0.1","0","294.853861537816","0.00001493","0.0440216815275959","3505.52","","","Transfer",""
"0x879f6b3c62f5ef59f9f6bd6f4384c045e24fa2cf406ef93191218a6f9438cf15","29175944","1711970829","2024-04-01 11:27:09","0xd7a4467a26d26d00cb6044ce09ebd69edac0564c","0xef480b33b32d34d6d0a22cd1e21a8fa68862f7c4","","0","0.00000000000000001","0.0000000000000294853861537816","0.00001493","0.0440216815275959","3505.52","","","Fund",""
"0xe2bba20c2c97409e20847ce9a66dfb60fb4367148bd91fd6fb5741fb3d16d8bb","29176587","1711970990","2024-04-01 11:29:50","0xd7a4467a26d26d00cb6044ce09ebd69edac0564c","0xef480b33b32d34d6d0a22cd1e21a8fa68862f7c4","","0","0.0001","0.294853861537816","0.00001554","0.0458202900829766","3505.52","","","Fund",""
"0x985d7e631e3e2ea499f5f59ebe01f78e88ff87d0e84705c3631bd1dfb4d7ca1d","29183973","1711972854","2024-04-01 12:00:54","0xd7a4467a26d26d00cb6044ce09ebd69edac0564c","0xef480b33b32d34d6d0a22cd1e21a8fa68862f7c4","","0","0","0","0.00001481","0.0436678568937506","3505.52","","","Withdraw",""
"0x347607c966f9db8ef3df5fd3cc5e3cbe826fcc494b608976c37c522665c4e5ef",29193529,"1711975256","2024-04-01 12:40:56","0xd7a4467a26d26d00cb6044ce09ebd69edac0564c","0xef480b33b32d34d6d0a22cd1e21a8fa68862f7c4","","0","0","0","0.00002275","0.0670792534998532","3505.52","","","0xc1756a2c",""
"0x295d02291d6db26f4546a441d46cbe0cf39dae2fe6be1b9628b36ad0516fa7fd","29195911","1711975853","2024-04-01 12:50:53","0xd7a4467a26d26d00cb6044ce09ebd69edac0564c","0xef480b33b32d34d6d0a22cd1e21a8fa68862f7c4","","0","0.2","589.707723075632","0.00001428","0.0421051314276001","3505.52","","","Fund",""
0x3cc0ae90a1d0abcd5a1e7ff1ba3189f3bd1bb3d7875c2ac2ee0b4ca1ae1cd21d,"29276018","1711996184","2024-04-01 18:29:44","0xd7a4467a26d26d00cb6044ce09ebd69edac0564c","0xef480b33b32d34d6d0a22cd1e21a8fa68862f7c4","","0","0","0","0.00001243","0.0366503349891505","3505.52","","","Withdraw",""
"0x17b48b34dd1f9fb13c21a13ce4b5d46cf0ace1ccd31e6f7af11dbff33abf4646","29277060","1711996446","2024-04-01 18:34:06","0xd7a4467a26d26d00cb6044ce09ebd69edac0564c","0x778b81a2d7e0328f1b523e6e972b96609dd09a35","","0","0","0","0.00001649","0.0486214017675859","3505.52","","","Grant Role",""
"0xea2031eabe25c0b1c3771798be9c227aa0533a3f58ca5ad3fdf8f4f21a5c3241",29277142,"1711996467","2024-04-01 18:34:27","0xd7a4467a26d26d00cb6044ce09ebd69edac0564c","0x778b81a2d7e0328f1b523e6e972b96609dd09a35","","0","0","0","0.00001653","0.048739343312201","3505.52","","","Grant Role",""
"0xdaab7ed37e8fc6a4bc15fce6eff13d8bad0a9b2790cad433ecefb74f8a9005c2","29277301","1711996507","2024-04-01 18:35:07","0xd7a4467a26d26d00cb6044ce09ebd69edac0564c","0x778b81a2d7e0328f1b523e6e972b96609dd09a35","","0","0.5","1474.26930768908","0.00001021","0.030104579263011","3505.52","","","Fund",""
"0xdf6de2f13bc53d966add7f88cababebbbbdfab3abd5f1db43020f159ba012027","29278441","1711996793","2024-04-01 18:39:53","0xd7a4467a26d26d00cb6044ce09ebd69edac0564c","0x778b81a2d7e0328f1b523e6e972b96609dd09a35","","0","0","0","0.00001284","0.0378592358214556","3505.52","","","0xc1756a2c",""
"0x1ec56247a6c84a5f605da4b02958309337a97dcb2f8a8de5b98a5e1d7b61ab92","29279247","1711996997","2024-04-01 18:43:17","0xd7a4467a26d26d00cb6044ce09ebd69edac0564c","0x778b81a2d7e0328f1b523e6e972b96609dd09a35","","0","0.2","589.707723075632","0.00000725","0.0213769049614917","3505.52","","","Fund",""
"0xe92d1d066b5e381d560d1fd5412268fa38e4fefce4ea0ca05c352091dcd5f1ea","29312517","1712005427","2024-04-01 21:03:47","0xd7a4467a26d26d00cb6044ce09ebd69edac0564c","0x778b81a2d7e0328f1b523e6e972b96609dd09a35","","0","0","0","0.00002551","0.0752172200782969","3505.52","","","0xc1756a2c",""
"0x3486fa4d1fc4aa87c0cfd0e2ca0aaaf3ce462e0040f480577a24596bc891c8c9","29688678","1712099784","2024-04-02 23:16:24","0xd7a4467a26d26d00cb6044ce09ebd69edac0564c","0x778b81a2d7e0328f1b523e6e972b96609dd09a35","","0","0","0","0.00014916","0.439804019869806","3279.40","","","0xc1756a2c",""
"0x4b79e479622334b1a9279cfcfe5666c5930bc05f04df888214623ea7915be0d5","29688747","1712099802","2024-04-02 23:16:42","0xd7a4467a26d26d00cb6044ce09ebd69edac0564c","0x778b81a2d7e0328f1b523e6e972b96609dd09a35","","0","0","0","0.00014893","0.439125855988269","3279.40","","","0xc1756a2c",""
"0x45d173a74a05f5aee0a8f0b5a7a08758c8768838a63e48fdd109b05dcba321a0","29688955","1712099854","2024-04-02 23:17:34","0xd7a4467a26d26d00cb6044ce09ebd69edac0564c","0x778b81a2d7e0328f1b523e6e972b96609dd09a35","","0","0","0","0.00014813","0.436767025095967","3279.40","","","0xc1756a2c",""
"0x71ac00218e6199873d83cd7b96a543b63c8ee4a5fc5994954e267a0e0158de43","29689938","1712100101","2024-04-02 23:21:41","0xd7a4467a26d26d00cb6044ce09ebd69edac0564c","0x778b81a2d7e0328f1b523e6e972b96609dd09a35","","0","0","0","0.00014406","0.424766472931378","3279.40","","","0xc1756a2c",""
"0xcda17d32e44eb9b6d69841ba2849c51f5e4d6e632622734e891d59594d86b786","29690862","1712100333","2024-04-02 23:25:33","0xd7a4467a26d26d00cb6044ce09ebd69edac0564c","0x778b81a2d7e0328f1b523e6e972b96609dd09a35","","0","0","0","0.00014202","0.418751454156006","3279.40","","","0xc1756a2c",""
"0x9f552816d4f870bb1ea4bb5124effe0c64f36f921aad3fd77a0a025e816c5a63","29690981","1712100363","2024-04-02 23:26:03","0xd7a4467a26d26d00cb6044ce09ebd69edac0564c","0x778b81a2d7e0328f1b523e6e972b96609dd09a35","","0","0","0","0.00014143","0.417011816372933","3279.40","","","0xc1756a2c",""
"0xc077d8c9b93d097ee627a566eb7020609432c18390edec8103f0ecd99d23ea0d","29690986","1712100364","2024-04-02 23:26:04","0xd7a4467a26d26d00cb6044ce09ebd69edac0564c","0x778b81a2d7e0328f1b523e6e972b96609dd09a35","","0","0","0","0.00014145","0.417070787145241","3279.40","","","0xc1756a2c",""
"0x9911d7f1ad3b133364d2f73af1a97ab458b92b7d8ad2d6e146f79d4dd592f44e","29691021","1712100373","2024-04-02 23:26:13","0xd7a4467a26d26d00cb6044ce09ebd69edac0564c","0x778b81a2d7e0328f1b523e6e972b96609dd09a35","","0","0","0","0.00014143","0.417011816372933","3279.40","","","0xc1756a2c",""
"0x2e1ff424ee6349e526f606f5482e941edf085f3b6b39245786cd952be07f774a","29691195","1712100416","2024-04-02 23:26:56","0xd7a4467a26d26d00cb6044ce09ebd69edac0564c","0x778b81a2d7e0328f1b523e6e972b96609dd09a35","","0","0","0","0.00014143","0.417011816372933","3279.40","","","0xc1756a2c",""
"0xd1da8ed4a7bb02a2816004fade13d3b53b966b964ec1366861b2e66d7883370d","29691252","1712100431","2024-04-02 23:27:11","0xd7a4467a26d26d00cb6044ce09ebd69edac0564c","0x778b81a2d7e0328f1b523e6e972b96609dd09a35","","0","0","0","0.00014127","0.416540050194473","3279.40","","","0xc1756a2c",""
"0xe14808b00c6b36794ff96343ccdb620c3a66153e2bf2389042967284ae928281","29691272","1712100436","2024-04-02 23:27:16","0xd7a4467a26d26d00cb6044ce09ebd69edac0564c","0x778b81a2d7e0328f1b523e6e972b96609dd09a35","","0","0","0","0.0001413","0.416628506352934","3279.40","","","0xc1756a2c",""
"0x3452a4c13ac05c8e257406438adf56a53b406134a8d2ab9713444a2bebc7c654","29692399","1712100718","2024-04-02 23:31:58","0xd7a4467a26d26d00cb6044ce09ebd69edac0564c","0x778b81a2d7e0328f1b523e6e972b96609dd09a35","","0","0","0","0.00008435","0.248709232207148","3279.40","","","0xc1756a2c",""
"0xcbbb7d30adda2a2f454b34953d349695868f67d316a8e8c34b3f1468b821cfd4","29692419","1712100724","2024-04-02 23:32:04","0xd7a4467a26d26d00cb6044ce09ebd69edac0564c","0x778b81a2d7e0328f1b523e6e972b96609dd09a35","","0","0","0","0.00008429","0.248532319890225","3279.40","","","0xc1756a2c",""
"0x633239d630a55b11a0d709abd68be5da33e63e3cb44200287230923dbb15c858","29693604","1712101023","2024-04-02 23:37:03","0xd7a4467a26d26d00cb6044ce09ebd69edac0564c","0x778b81a2d7e0328f1b523e6e972b96609dd09a35","","0","0","0","0.00007761","0.228836081939499","3279.40","","","0xc1756a2c",""
"0xe31c55cbece54a563689beca49ff53cc105851a54c9e161f290bb8f6f7907758","29695954","1712101618","2024-04-02 23:46:58","0xd7a4467a26d26d00cb6044ce09ebd69edac0564c","0x778b81a2d7e0328f1b523e6e972b96609dd09a35","","0","0","0","0.00009361","0.27601269978555","3279.40","","","0xc1756a2c",""
"0xdfce41fd136978246dcb96daaa6819957a53bf145003926757b67b0c513b2d02","29696901","1712101856","2024-04-02 23:50:56","0xd7a4467a26d26d00cb6044ce09ebd69edac0564c","0x778b81a2d7e0328f1b523e6e972b96609dd09a35","","0","0","0","0.00009533","0.281084186204","3279.40","","","0xc1756a2c",""
"0x85f22686827c3c8a42c3bd6c94f3559018ed3bec151167e463067b301098e7bd","29704452","1712103773","2024-04-03 00:22:53","0xd7a4467a26d26d00cb6044ce09ebd69edac0564c","0x778b81a2d7e0328f1b523e6e972b96609dd09a35","","0","0","0","0.00007375","0.217454722884139","3312.24","","","0xc1756a2c",""
"0x052b7c0849198284056a2fe1337a7af910db672fd3c9f450d3922eafbaf11638","29712847","1712105908","2024-04-03 00:58:28","0xd7a4467a26d26d00cb6044ce09ebd69edac0564c","0x778b81a2d7e0328f1b523e6e972b96609dd09a35","","0","0","0","0.00001211","0.0357068026322295","3312.24","","","0xc1756a2c",""
"0x06ada48d772528b2bb492a2cdcbf4a1a3d4d1bd65244939b0516611d640bace3","29932560","1712161496","2024-04-03 16:24:56","0xd7a4467a26d26d00cb6044ce09ebd69edac0564c","0x778b81a2d7e0328f1b523e6e972b96609dd09a35","","0","0","0","0.00000719","0.021199992644569","3312.24","","","0xc1756a2c",""
"0x6ce0eba2d75576ca662978cf603d2330e00b406becb140ea63e0aa9e2076c05b","29941716","1712163814","2024-04-03 17:03:34","0xd7a4467a26d26d00cb6044ce09ebd69edac0564c","0x778b81a2d7e0328f1b523e6e972b96609dd09a35","","0","0","0","0.00001238","0.0365029080583816","3312.24","","","0xc1756a2c",""
"0x5bb4a6c8451a153f904de3ed2091d19a4e014e09be6ac39e29a826ccb80dbce0","29975953","1712172432","2024-04-03 19:27:12","0xd7a4467a26d26d00cb6044ce09ebd69edac0564c","0x778b81a2d7e0328f1b523e6e972b96609dd09a35","","0","0","0","0.00000775","0.0228511742691807","3312.24","","","0xc1756a2c",""
"0x25573d934dc4c753e878e74826310e185c445bb74a7f75465bfece9d8524ccf3","29982596","1712174099","2024-04-03 19:54:59","0xd7a4467a26d26d00cb6044ce09ebd69edac0564c","0x778b81a2d7e0328f1b523e6e972b96609dd09a35","","0","0","0","0.0000096","0.0283059707076303","3312.24","","","0xc1756a2c",""
"0xd8462786a4e7e0e775fb634200f63a4ad9c13191535954abd67341d55cba51e7","29997743","1712177893","2024-04-03 20:58:13","0xd7a4467a26d26d00cb6044ce09ebd69edac0564c","0x778b81a2d7e0328f1b523e6e972b96609dd09a35","","0","0","0","0.00001678","0.0494764779660455","3312.24","","","0xc1756a2c",""
"0x894e6b6189760088ec317ce8b21917c91b07dd5d41eeb97db17d48d92b0e6014","29998553","1712178095","2024-04-03 21:01:35","0xd7a4467a26d26d00cb6044ce09ebd69edac0564c","0x778b81a2d7e0328f1b523e6e972b96609dd09a35","","0","0","0","0.00001678","0.0494764779660455","3312.24","","","0xc1756a2c",""
"0x0049956c440ba48c5493b17be90334520bec6b5c2534082147e5c631378a2bf9","29999866","1712178425","2024-04-03 21:07:05","0xd7a4467a26d26d00cb6044ce09ebd69edac0564c","0x778b81a2d7e0328f1b523e6e972b96609dd09a35","","0","0","0","0.00001678","0.0494764779660455","3312.24","","","0xc1756a2c",""
"0xed24afe15c4e28ae3a47f2fe8a061dbba6e2c768c4514a8c6e434383c0695241","30006490","1712180084","2024-04-03 21:34:44","0xd7a4467a26d26d00cb6044ce09ebd69edac0564c","0x778b81a2d7e0328f1b523e6e972b96609dd09a35","","0","0","0","0.00001796","0.0529557535321918","3312.24","","","0xc1756a2c",""
"0xaac624c509b567f957515e14b4b7bdcdc3cf91a4a59c27f074814e048096f3a9","30057119","1712192772","2024-04-04 01:06:12","0xd7a4467a26d26d00cb6044ce09ebd69edac0564c","0x778b81a2d7e0328f1b523e6e972b96609dd09a35","","0","0","0","0.00009361","0.27601269978555","3329.17","","","0xc1756a2c",""
"0x456f9218721b0538c76137569f613ec2d0d3da4e1cffa3b482222c70705d9295","30074491","1712197125","2024-04-04 02:18:45","0xd7a4467a26d26d00cb6044ce09ebd69edac0564c","0x778b81a2d7e0328f1b523e6e972b96609dd09a35","","0","0","0","0.00002674","0.078843922575212","3329.17","","","0xc1756a2c",""
"0x566d1f794b856bcd36c95c4bcc56b829893694be2db3a2fc2dc10eaddde722d6","30074650","1712197165","2024-04-04 02:19:25","0xd7a4467a26d26d00cb6044ce09ebd69edac0564c","0x778b81a2d7e0328f1b523e6e972b96609dd09a35","","0","0","0","0.00002638","0.0777824486736759","3329.17","","","0xc1756a2c",""
"0xb83b9ee5a3e4dbc7763fb344c2f7fe7ce90224be24ae22ddcb8b2d6d23dca269","30090341","1712201107","2024-04-04 03:25:07","0xd7a4467a26d26d00cb6044ce09ebd69edac0564c","0x778b81a2d7e0328f1b523e6e972b96609dd09a35","","0","0","0","0.00001093","0.0322275270660833","3329.17","","","0xc1756a2c",""
"0x5149bb608e41275863cac149b1c668eadd21d99394eb4655af4bd50c675685d3","30328483","1712260895","2024-04-04 20:01:35","0xcca1595278f5b8cfda0380943af9b56493fa14de","0xd7a4467a26d26d00cb6044ce09ebd69edac0564c","","0.05","0","147.426930768908","0.00001119","0.0329941471060816","3329.17","","","Transfer",""
"0x6b61295ebee7e6f49ce5c0bb4534c623b4e379920ac7b21f6ed087750f08ce74","30346601","1712265484","2024-04-04 21:18:04","0xd7a4467a26d26d00cb6044ce09ebd69edac0564c","0x778b81a2d7e0328f1b523e6e972b96609dd09a35","","0","0","0","0.00002446","0.0721212545321498","3329.17","","","0xc1756a2c",""
"0x63674e9b2cb7dc0cb397b13aac9b856308103d4852d190947d7963218999790a","30367037","1712270623","2024-04-04 22:43:43","0xd7a4467a26d26d00cb6044ce09ebd69edac0564c","0x778b81a2d7e0328f1b523e6e972b96609dd09a35","","0","0","0","0.00001761","0.0519237650168094","3329.17","","","0xc1756a2c",""
"0xc8dc838daf31e2ab9e9592354c94e6bd3a94963a5e3c33fff950b8abd0dde8aa","30368736","1712271052","2024-04-04 22:50:52","0xd7a4467a26d26d00cb6044ce09ebd69edac0564c","0x778b81a2d7e0328f1b523e6e972b96609dd09a35","","0","0","0","0.00002618","0.0771927409506002","3329.17","","","0xc1756a2c",""
"0x71f88d8522ef435ac2cc7aa2db23757230a2e450e6e4c4d02df16d9a70ceed02","30373479","1712272246","2024-04-04 23:10:46","0xd7a4467a26d26d00cb6044ce09ebd69edac0564c","0x778b81a2d7e0328f1b523e6e972b96609dd09a35","","0","0","0","0.00002933","0.0864806375890414","3329.17","","","0xc1756a2c",""
"0x94039b806a26380b42076c60cb5113105b27dd19c87242a069b4195b15a40531","30378565","1712273522","2024-04-04 23:32:02","0xd7a4467a26d26d00cb6044ce09ebd69edac0564c","0x778b81a2d7e0328f1b523e6e972b96609dd09a35","","0","0","0","0.00011405","0.336280829083879","3329.17","","","0xc1756a2c",""
"0xc00664a57707443b093d9be6a85903b034ba6545ba311deceddd60ec8f78ae39","30404777","1712280103","2024-04-05 01:21:43","0xd7a4467a26d26d00cb6044ce09ebd69edac0564c","0x778b81a2d7e0328f1b523e6e972b96609dd09a35","","0","0","0","0.00001634","0.0481791209752791","3319.12","","","0xc1756a2c",""
"0x49d7587447623f82e202952a7d7ed9a6f76cb2368177d2833d5488632a2a5c60","30418589","1712283569","2024-04-05 02:19:29","0xd7a4467a26d26d00cb6044ce09ebd69edac0564c","0x778b81a2d7e0328f1b523e6e972b96609dd09a35","","0","0","0","0.00001364","0.0402180667137581","3319.12","","","0xc1756a2c",""
"0x2fedc52f8cad7b07f954b998be3136cf70d724e76b7330dcbb6de20e53cba2d0","30464856","1712295178","2024-04-05 05:32:58","0xd7a4467a26d26d00cb6044ce09ebd69edac0564c","0x778b81a2d7e0328f1b523e6e972b96609dd09a35","","0","0","0","0.00006358","0.187468085165743","3319.12","","","0xc1756a2c",""
"0x7c18f3b09b365006fc22dc224f397db0c6961c67df89c3c4f19f117dacd5a5fe","31371840","1712526730","2024-04-07 21:52:10","0xd7a4467a26d26d00cb6044ce09ebd69edac0564c","0x778b81a2d7e0328f1b523e6e972b96609dd09a35","","0","0","0","0.00001978","0.05832209381218","3453.85","","","0xc1756a2c",""
"0x8d3200973d3a459879c4493abb7ce5f6a4f298372a499f5be88e30e516c597c5","31385383","1712530157","2024-04-07 22:49:17","0xd7a4467a26d26d00cb6044ce09ebd69edac0564c","0x778b81a2d7e0328f1b523e6e972b96609dd09a35","","0","0","0","0.00004882","0.143947655202762","3453.85","","","0xc1756a2c",""
"0x0803b4e537d1cfa3c39e725e76552636d6bea09fef47fe7071e882c9fa7d12e9","31655999","1712596728","2024-04-08 17:18:48","0xd7a4467a26d26d00cb6044ce09ebd69edac0564c","0x778b81a2d7e0328f1b523e6e972b96609dd09a35","","0","0","0","0.00021428","0.631812854503232","3694.70","","","0xc1756a2c",""
"0x9a6c96cc97e09b582111539dd52792d20d288c165a011a10c0b5e91c9e349b47","31712625","1712611919","2024-04-08 21:31:59","0xcca1595278f5b8cfda0380943af9b56493fa14de","0xd7a4467a26d26d00cb6044ce09ebd69edac0564c","","0.05","0","147.426930768908","0.00000283","0.00834436428152019","3694.70","","","Transfer",""
"0x871feb3d7f7588d9e3da77feb75db2fe74f353e4bfb02000c1efe3010b9bdb35","31726088","1712615605","2024-04-08 22:33:25","0xd7a4467a26d26d00cb6044ce09ebd69edac0564c","0x778b81a2d7e0328f1b523e6e972b96609dd09a35","","0","0","0","0.00003144","0.0927020540674893","3694.70","","","0xc1756a2c",""
"0x0094782ac3249ace58ac94f3454761cdc19cb0205055d43d793e8a3f4cdcab20","31817395","1712639353","2024-04-09 05:09:13","0xd7a4467a26d26d00cb6044ce09ebd69edac0564c","0x778b81a2d7e0328f1b523e6e972b96609dd09a35","","0","0","0","0.00003879","0.114373812890519","3504.83","","","0xc1756a2c",""
"0x6b41b8a6e088cb9497a779b2c118e2b4c3b3400a6c2dd9a9b6e710dc2a6a4f46","31819600","1712639933","2024-04-09 05:18:53","0xd7a4467a26d26d00cb6044ce09ebd69edac0564c","0x778b81a2d7e0328f1b523e6e972b96609dd09a35","","0","0","0","0.00000889","0.0262125082907118","3504.83","","","0xc1756a2c",""
"0x222a135805ba6223e43c1dfc5b55bd33b39ad0378a45eec2d82a4922f74fedae","32033187","1712695006","2024-04-09 20:36:46","0xd7a4467a26d26d00cb6044ce09ebd69edac0564c","0x778b81a2d7e0328f1b523e6e972b96609dd09a35","","0","0","0","0.00000724","0.0213474195753379","3504.83","","","0xc1756a2c",""
"0x65ba712a2a2706c5e079e5510c71ef06ba8cf58b24d9da742aef9d84fa51a067","32046223","1712698300","2024-04-09 21:31:40","0xd7a4467a26d26d00cb6044ce09ebd69edac0564c","0x778b81a2d7e0328f1b523e6e972b96609dd09a35","","0","0","0","0.00000852","0.0251215490030219","3504.83","","","0xc1756a2c",""
"0xede921aad4c2287c21bc5b6e8ae9a5622c5bcc79d956387db0a250021ebe52f7","32068211","1712704062","2024-04-09 23:07:42","0xd7a4467a26d26d00cb6044ce09ebd69edac0564c","0x778b81a2d7e0328f1b523e6e972b96609dd09a35","","0","0","0","0.00000602","0.0177502024645765","3504.83","","","0xc1756a2c",""
"0x06fa5785d1a7cd773e53a6670c989fb779835501d7c6f8b52992efbd7f6d6016","32076881","1712706513","2024-04-09 23:48:33","0xd7a4467a26d26d00cb6044ce09ebd69edac0564c","0x778b81a2d7e0328f1b523e6e972b96609dd09a35","","0","0","0","0.00003264","0.0962403004059431","3504.83","","","0xc1756a2c",""
"0x64ac159232c73c810c02f364123dc3d7a2f09fd275cee6be97129d24837c7518","32077835","1712706769","2024-04-09 23:52:49","0xd7a4467a26d26d00cb6044ce09ebd69edac0564c","0x778b81a2d7e0328f1b523e6e972b96609dd09a35","","0","0","0","0.00004558","0.134394390088937","3504.83","","","0xc1756a2c",""
"0x73e72699d314403ee13bb5d5cc6da1acf70068038582614ea4a56a5b1a72a216","32091094","1712710246","2024-04-10 00:50:46","0xd7a4467a26d26d00cb6044ce09ebd69edac0564c","0x778b81a2d7e0328f1b523e6e972b96609dd09a35","","0","0","0","0.00007343","0.216511190527218","3545.56","","","0xc1756a2c",""
"0x1bf3e09d02d2501e9499ffc4fe59b5165d6902e845ecb02ddb477d5ada942706","32388323","1712786112","2024-04-10 21:55:12","0xd7a4467a26d26d00cb6044ce09ebd69edac0564c","0x778b81a2d7e0328f1b523e6e972b96609dd09a35","","0","0","0","0.0000959","0.282764853214766","3545.56","","","0xc1756a2c",""
"0xe4e768de7b8fb69245dbe6c0ee766bde62259284462ec48e5ecc090d5b1dc0cc","32446659","1712801085","2024-04-11 02:04:45","0xd7a4467a26d26d00cb6044ce09ebd69edac0564c","0x778b81a2d7e0328f1b523e6e972b96609dd09a35","","0","0","0","0.00013635","0.402033240206812","3503.21","","","0xc1756a2c",""
"0xf2773c98b964c38d25b6032b46ffb50d0c769e027d8e25a93e939bfc443b8684","32739807","1712877269","2024-04-11 23:14:29","0xd7a4467a26d26d00cb6044ce09ebd69edac0564c","0x778b81a2d7e0328f1b523e6e972b96609dd09a35","","0","0","0","0.00014434","0.425592063743684","3503.21","","","0xc1756a2c",""
"0xde908bb9f06338ac6340fd2041ea3f77a7182e422cc74dad0765b3c8791471ad","32741076","1712877601","2024-04-11 23:20:01","0xd7a4467a26d26d00cb6044ce09ebd69edac0564c","0x778b81a2d7e0328f1b523e6e972b96609dd09a35","","0","0","0","0.00018563","0.547337223172648","3503.21","","","0xc1756a2c",""
"0xf5c63aca38b5f1cf95becc6e80888afe974e908cd78abda6510d22a6a6894fa6","32744894","1712878611","2024-04-11 23:36:51","0xd7a4467a26d26d00cb6044ce09ebd69edac0564c","0x778b81a2d7e0328f1b523e6e972b96609dd09a35","","0","0","0","0.000161","0.474714717075884","3503.21","","","0xc1756a2c",""
"0xa61421d04fdb7d2c98203ce11f62dd18d6922fd3e6c8ca03b79e41529da98d6c","32746596","1712879055","2024-04-11 23:44:15","0xd7a4467a26d26d00cb6044ce09ebd69edac0564c","0x778b81a2d7e0328f1b523e6e972b96609dd09a35","","0","0","0","0.00007952","0.234467790694871","3503.21","","","0xc1756a2c",""
"0x493b15c3355a511ea9ab6914beeda64006898c44449073bf54a5dbbbd8122b31","32930258","1712926117","2024-04-12 12:48:37","0xd7a4467a26d26d00cb6044ce09ebd69edac0564c","0x778b81a2d7e0328f1b523e6e972b96609dd09a35","","0","0","0","0.00000406","0.0119710667784353","3239.12","","","0xc1756a2c",""
"0x3212e225efc72984935e873aec1638cac2620731d3cd236544ae2537e25d5f64","32931635","1712926474","2024-04-12 12:54:34","0xcca1595278f5b8cfda0380943af9b56493fa14de","0xd7a4467a26d26d00cb6044ce09ebd69edac0564c","","0.05","0","147.426930768908","0.00000212","0.0062509018646017","3239.12","","","Transfer",""
"0x7f8d1f74d7f63c88185fed1af9598183e66769b58814893b83980bc145f225cc","32945938","1712930195","2024-04-12 13:56:35","0xd7a4467a26d26d00cb6044ce09ebd69edac0564c","0x778b81a2d7e0328f1b523e6e972b96609dd09a35","","0","0","0","0.00000431","0.0127082014322799","3239.12","","","0xc1756a2c",""
"0x03ebead1ac8fccc7a6ce5251560ebf1c29a6ab6991d2ed8b94a4e400274c9c8b","32957691","1712933185","2024-04-12 14:46:25","0xd7a4467a26d26d00cb6044ce09ebd69edac0564c","0x778b81a2d7e0328f1b523e6e972b96609dd09a35","","0","0","0","0.00000431","0.0127082014322799","3239.12","","","0xc1756a2c",""
"0x177b24955a7fc40b5f7b2a94249b0abd86d7bfda3616aeaebf70562ba7d4ba97","32992051","1712941993","2024-04-12 17:13:13","0xd7a4467a26d26d00cb6044ce09ebd69edac0564c","0x778b81a2d7e0328f1b523e6e972b96609dd09a35","","0","0","0","0.00005094","0.150198557067363","3239.12","","","0xc1756a2c",""
"0x1baf4f3246175ed375810c7eda58a8bb8f1f73710856714b0a27aaedb187199e","33056708","1712959351","2024-04-12 22:02:31","0xd7a4467a26d26d00cb6044ce09ebd69edac0564c","0x778b81a2d7e0328f1b523e6e972b96609dd09a35","","0","0","0","0.00001389","0.0409552013676026","3239.12","","","0xc1756a2c",""
"0x3460fcd5f964c28a96d646fe98d01da645799fe49024603b68322ae7f3217633","33120389","1712976632","2024-04-13 02:50:32","0xd7a4467a26d26d00cb6044ce09ebd69edac0564c","0x778b81a2d7e0328f1b523e6e972b96609dd09a35","","0","0","0","0.00000666","0.0196372671784185","3011.51","","","0xc1756a2c",""
"0x29e9501628521b6e3634cbcb4df2e51d5308d50b936cac3cdce09a2fc83a0a2f","33262854","1713015392","2024-04-13 13:36:32","0xd7a4467a26d26d00cb6044ce09ebd69edac0564c","0x778b81a2d7e0328f1b523e6e972b96609dd09a35","","0","0","0","0.0000086","0.0253574320922522","3011.51","","","0xc1756a2c",""
"0xc6fee777fed952d689cc7debac152880e16a1c1c28075280116bc2bdcf33ea28","33368907","1713043237","2024-04-13 21:20:37","0xd7a4467a26d26d00cb6044ce09ebd69edac0564c","0x778b81a2d7e0328f1b523e6e972b96609dd09a35","","0","0","0","0.00003217","0.0948544872567154","3011.51","","","0xc1756a2c",""
"0xb4f53e865f936f2a0e7ac6f0e795bbbbe54f593e24de7a9862a36d8180f49b90","33397901","1713050594","2024-04-13 23:23:14","0xd7a4467a26d26d00cb6044ce09ebd69edac0564c","0x778b81a2d7e0328f1b523e6e972b96609dd09a35","","0","0","0","0.00001061","0.0312839947091623","3011.51","","","0xc1756a2c",""
"0xccbd3c11c9c8b2bae5aae81aca60bbf1f9bf61ccfe30d24c3dd82a9e30448c6d","33412902","1713054598","2024-04-14 00:29:58","0xd7a4467a26d26d00cb6044ce09ebd69edac0564c","0x778b81a2d7e0328f1b523e6e972b96609dd09a35","","0","0","0","0.00003598","0.106088419381306","3158.26","","","0xc1756a2c",""
"0xe05eb1c663dc92de9bf975fc36b9b243a6028d6e1135d2cf6e7b3d71c8d9c78a","33423191","1713057294","2024-04-14 01:14:54","0xd7a4467a26d26d00cb6044ce09ebd69edac0564c","0x778b81a2d7e0328f1b523e6e972b96609dd09a35","","0","0","0","0.00001876","0.0553145844244943","3158.26","","","0xc1756a2c",""
"0x498b3521066e76eddbaa059b228c248af41240d7e28fdf4eadf22d5d33ccee02","33655705","1713117133","2024-04-14 17:52:13","0xd7a4467a26d26d00cb6044ce09ebd69edac0564c","0x778b81a2d7e0328f1b523e6e972b96609dd09a35","","0","0","0","0.00001469","0.0433140322599052","3158.26","","","0xc1756a2c",""
"0x59682e84eea9272799c3577fef830cc5514cb01f11ebdf527ea5d495fb2c2b27","33659283","1713118087","2024-04-14 18:08:07","0xd7a4467a26d26d00cb6044ce09ebd69edac0564c","0x778b81a2d7e0328f1b523e6e972b96609dd09a35","","0","0","0","0.0000083","0.0244728705076387","3158.26","","","0xc1756a2c",""
"0x70774da998c6d6db488a66b2ed1e7987f9432b3885d9b137c209d4a4b3b45e43","33987499","1713202593","2024-04-15 17:36:33","0xd7a4467a26d26d00cb6044ce09ebd69edac0564c","0x778b81a2d7e0328f1b523e6e972b96609dd09a35","","0","0","0","0.00005365","0.158189096715038","3103.00","","","0xc1756a2c",""
"0x26c61295503bdaf111b5249591cd495523f3df9651b05543b4c90fa26870e3fd","34003697","1713206649","2024-04-15 18:44:09","0xd7a4467a26d26d00cb6044ce09ebd69edac0564c","0x778b81a2d7e0328f1b523e6e972b96609dd09a35","","0","0","0","0.00001823","0.0537518589583439","3103.00","","","0xc1756a2c",""
"0x4207fc3d5976cc7adc8351cad34f13f6252e85fc65b41db78323b17ed0e5347d","34023882","1713211680","2024-04-15 20:08:00","0xcca1595278f5b8cfda0380943af9b56493fa14de","0xd7a4467a26d26d00cb6044ce09ebd69edac0564c","","0.05","0","147.426930768908","0.00000634","0.0186937348214975","3103.00","","","Transfer",""
"0xca6f535505d6324a2d42c89c1ab5fb56fd6f94888ebe56621dcba16896cd7d57","34048344","1713217787","2024-04-15 21:49:47","0xd7a4467a26d26d00cb6044ce09ebd69edac0564c","0x778b81a2d7e0328f1b523e6e972b96609dd09a35","","0","0","0","0.00006115","0.180303136330374","3103.00","","","0xc1756a2c",""
"0x1d1fa651fdaee4b9e376c37ed1fa2bb59d9c0949144abfd996731b8847a2ae77","34085034","1713227010","2024-04-16 00:23:30","0xd7a4467a26d26d00cb6044ce09ebd69edac0564c","0x778b81a2d7e0328f1b523e6e972b96609dd09a35","","0","0","0","0.00000602","0.0177502024645765","3085.42","","","0xc1756a2c",""
"0x8cbde702b71e13fdc3e5396d3dc4f05fc7e57a285394cafad929fd266c4d8046","34091225","1713228579","2024-04-16 00:49:39","0xd7a4467a26d26d00cb6044ce09ebd69edac0564c","0x778b81a2d7e0328f1b523e6e972b96609dd09a35","","0","0","0","0.00000431","0.0127082014322799","3085.42","","","0xc1756a2c",""
"0x3dcfc3b00108e77cdbe72a68105f3fb9c6be6ac3b9dcb115903d8de29857b788","34297318","1713280278","2024-04-16 15:11:18","0xd7a4467a26d26d00cb6044ce09ebd69edac0564c","0x778b81a2d7e0328f1b523e6e972b96609dd09a35","","0","0","0","0.00001083","0.0319326732045455","3085.42","","","0xc1756a2c",""
"0x56e8bb5985cb40c667a28692b653b70dca2fa468ee47e674eeab8104e8401f10","34351225","1713293730","2024-04-16 18:55:30","0xd7a4467a26d26d00cb6044ce09ebd69edac0564c","0x778b81a2d7e0328f1b523e6e972b96609dd09a35","","0","0","0","0.00004145","0.122216925607425","3085.42","","","0xc1756a2c",""
"0x9d66668e56fb05b813676e52deea828d06c89e61e9d342e6c7d412e95099eacf","34411337","1713308816","2024-04-16 23:06:56","0xd7a4467a26d26d00cb6044ce09ebd69edac0564c","0x778b81a2d7e0328f1b523e6e972b96609dd09a35","","0","0","0","0.0000906","0.267137598553261","3085.42","","","0xc1756a2c",""
"0x5f41cff2b36f0f92096730d7a1f177131c32ea25f2a27f2a70e7a7f4cf4062d3","34411349","1713308819","2024-04-16 23:06:59","0xd7a4467a26d26d00cb6044ce09ebd69edac0564c","0x778b81a2d7e0328f1b523e6e972b96609dd09a35","","0","0","0","0.00009047","0.266754288533262","3085.42","","","0xc1756a2c",""
"0x6c03b00e5c50c2af12ae2b1e01725ba1191c94369242c5171531cb39e2283d91","34416986","1713310226","2024-04-16 23:30:26","0xd7a4467a26d26d00cb6044ce09ebd69edac0564c","0x778b81a2d7e0328f1b523e6e972b96609dd09a35","","0","0","0","0.00006513","0.19203832001958","3085.42","","","0xc1756a2c",""
"0x880fe75eaffc3432222992501fc135f6bda242c0c46600dc54a61c04348c5385","34419809","1713310935","2024-04-16 23:42:15","0xd7a4467a26d26d00cb6044ce09ebd69edac0564c","0x778b81a2d7e0328f1b523e6e972b96609dd09a35","","0","0","0","0.00006391","0.188441102908818","3085.42","","","0xc1756a2c",""
"0x0b2cd4066aed36e27456396cd142cf4a16c70fa4d6bbb0443a7c9bdaaf1d8735","34420965","1713311224","2024-04-16 23:47:04","0xd7a4467a26d26d00cb6044ce09ebd69edac0564c","0x778b81a2d7e0328f1b523e6e972b96609dd09a35","","0","0","0","0.00007394","0.218014945221061","3085.42","","","0xc1756a2c",""
"0x7c68f0526ec45d7205b7bf43aecc454935999193afe33835fd7f5e0189b03e8b","34476455","1713325165","2024-04-17 03:39:25","0xd7a4467a26d26d00cb6044ce09ebd69edac0564c","0x778b81a2d7e0328f1b523e6e972b96609dd09a35","","0","0","0","0.00001757","0.0518058234721943","2985.12","","","0xc1756a2c",""
"0xf57344b0e3dee84959bbbb7f5f1f73d065a61a07f5311d4c70558bef2fdab5a6","34491257","1713328860","2024-04-17 04:41:00","0xd7a4467a26d26d00cb6044ce09ebd69edac0564c","0x778b81a2d7e0328f1b523e6e972b96609dd09a35","","0","0","0","0.00003513","0.103582161558235","2985.12","","","0xc1756a2c",""
"0x9e80b715f78e60746a7f03fb614868b0dbc714f4d1fb5bbc9f80da5053a96c51","34723214","1713386684","2024-04-17 20:44:44","0xd7a4467a26d26d00cb6044ce09ebd69edac0564c","0x778b81a2d7e0328f1b523e6e972b96609dd09a35","","0","0","0","0.00000988","0.0291315615199362","2985.12","","","0xc1756a2c",""
"0xd1bd2ae9fc167e65086e56e886bafc409ed8c0ca621e30035517b499eacf82ab","35046629","1713467593","2024-04-18 19:13:13","0xd7a4467a26d26d00cb6044ce09ebd69edac0564c","0x778b81a2d7e0328f1b523e6e972b96609dd09a35","","0","0","0","0.00001569","0.0462625708752833","3065.69","","","0xc1756a2c",""
"0x0b563a65b97e5e8fa0ef5d70896f938b46747bee3810b61a6e56b476c0e1a6c2","35051142","1713468726","2024-04-18 19:32:06","0xcca1595278f5b8cfda0380943af9b56493fa14de","0xd7a4467a26d26d00cb6044ce09ebd69edac0564c","","0.1","0","294.853861537816","0.0000021","0.00619193109229414","3065.69","","","Transfer",""
"0x618de1783357cb823012fb4ad42671dff4fc1c869e4222cd12c8524b29aaa02c","35051393","1713468789","2024-04-18 19:33:09","0xd7a4467a26d26d00cb6044ce09ebd69edac0564c","0xd96b642ca70edb30e58248689ceafc6e36785d68","","0","0.5949027689367","1754.09378660525","0.0000021","0.00619193109229414","3065.69","","","Transfer",""
"0x85fd95d5219a93be657b307551b3635f7c25e1fa5ad59d4a11658b501ef23273","37214571","1714007673","2024-04-25 01:14:33","0xd96b642ca70edb30e58248689ceafc6e36785d68","0xd7a4467a26d26d00cb6044ce09ebd69edac0564c","","0.5","0","1474.26930768908","0.00000215","0.00633935802306304","3155.47","","","Transfer",""
"0xd96378607becd8e128c2459dfb00aeeb6db8289a33e5255b27e45987f508f448","37214829","1714007737","2024-04-25 01:15:37","0xd7a4467a26d26d00cb6044ce09ebd69edac0564c","0x778b81a2d7e0328f1b523e6e972b96609dd09a35","","0","0","0","0.00000416","0.0122659206399731","3155.47","","","0xc1756a2c",""
"0x861c531537b235c9246bc011986ad7bcbd5c99b286c1f14136c7e0ea4aff9aeb","37217253","1714008340","2024-04-25 01:25:40","0xd7a4467a26d26d00cb6044ce09ebd69edac0564c","0x778b81a2d7e0328f1b523e6e972b96609dd09a35","","0","0","0","0.00000446","0.0131504822245866","3155.47","","","0xc1756a2c",""
"0x2ff3691b49e1c578e96f943a0478c24ccd9e7ff333b9fc8f0403dcc2531831da","37227195","1714010817","2024-04-25 02:06:57","0xd7a4467a26d26d00cb6044ce09ebd69edac0564c","0x778b81a2d7e0328f1b523e6e972b96609dd09a35","","0","0","0","0.00001341","0.0395399028322211","3155.47","","","0xc1756a2c",""
"0xaa468e671fbb08002f89d7ccb71a4745e06054b1d92575995513b6732419ea8d","37232781","1714012204","2024-04-25 02:30:04","0xd7a4467a26d26d00cb6044ce09ebd69edac0564c","0x778b81a2d7e0328f1b523e6e972b96609dd09a35","","0","0","0","0.0000058","0.0171015239691933","3155.47","","","0xc1756a2c",""
"0xd2437a3fa9664216b8cbf3cce6dd66393d1c4148e814342d9c9e7c7a402ff3cd","37423195","1714059555","2024-04-25 15:39:15","0xd7a4467a26d26d00cb6044ce09ebd69edac0564c","0x778b81a2d7e0328f1b523e6e972b96609dd09a35","","0","0","0","0.00000772","0.0227627181107194","3155.47","","","0xc1756a2c",""
"0x57987b2aa73ac6672b9241c4ad3c7de02e17a819155b55f3c8c823658cdddaaa","37529783","1714086086","2024-04-25 23:01:26","0xd7a4467a26d26d00cb6044ce09ebd69edac0564c","0x778b81a2d7e0328f1b523e6e972b96609dd09a35","","0","0","0","0.00004057","0.119622211625892","3155.47","","","0xc1756a2c",""
"0x23baedbe1998b29639d48fba8cdd8597979a587a428e11f548d14c7dc0edfe8f","37710827","1714131124","2024-04-26 11:32:04","0xd7a4467a26d26d00cb6044ce09ebd69edac0564c","0x778b81a2d7e0328f1b523e6e972b96609dd09a35","","0","0","0","0.00006978","0.205749024581088","3130.07","","","0xc1756a2c",""
"0xf24dcf30860213b140d2ff35e8677df4bbf53b3a74d7034143eebc51c6764c43","37727213","1714135212","2024-04-26 12:40:12","0xd7a4467a26d26d00cb6044ce09ebd69edac0564c","0x778b81a2d7e0328f1b523e6e972b96609dd09a35","","0","0","0","0.00000506","0.0149196053938135","3130.07","","","0xc1756a2c",""
"0xd9ff6302d4b37af59323d149fc3f31e9600b978f03aaf06323812235ab8a2d40","37762852","1714144077","2024-04-26 15:07:57","0xd7a4467a26d26d00cb6044ce09ebd69edac0564c","0x778b81a2d7e0328f1b523e6e972b96609dd09a35","","0","0","0","0.00003047","0.0898419716105725","3130.07","","","0xc1756a2c",""
"0x2c49a3b9687c8e1fc1b96c7aa99640ed605881ae5fc1dcf290a51dc7f6a53ddc","38075517","1714222244","2024-04-27 12:50:44","0xd7a4467a26d26d00cb6044ce09ebd69edac0564c","0x778b81a2d7e0328f1b523e6e972b96609dd09a35","","0","0","0","0.00003559","0.104938489321309","3253.23","","","0xc1756a2c",""
"0xb578b409ad31936af3b892e163c284115f323acdbd661ab2fabb00700300998e","38142107","1714238764","2024-04-27 17:26:04","0xd7a4467a26d26d00cb6044ce09ebd69edac0564c","0x778b81a2d7e0328f1b523e6e972b96609dd09a35","","0","0","0","0.00005624","0.165825811728868","3253.23","","","0xc1756a2c",""
"0x37a89b72016f7b107a8d6922d4982df4287f18d0cd0580d8def33f9937ee7e3f","38281623","1714273514","2024-04-28 03:05:14","0xd7a4467a26d26d00cb6044ce09ebd69edac0564c","0x778b81a2d7e0328f1b523e6e972b96609dd09a35","","0","0","0","0.00005163","0.152233048711974","3262.43","","","0xc1756a2c",""
"0x1279584cdb733d727e2a7c22bcf2580cb95068397eb7759fce38df827502cf4a","38449747","1714315498","2024-04-28 14:44:58","0xd7a4467a26d26d00cb6044ce09ebd69edac0564c","0x778b81a2d7e0328f1b523e6e972b96609dd09a35","","0","0","0","0.00005202","0.153382978771972","3262.43","","","0xc1756a2c",""
"0x74393eef6ffff441a78193a3e8214cd19a11c012492ab3f497fa57f4e5090983","38793598","1714401115","2024-04-29 14:31:55","0xd7a4467a26d26d00cb6044ce09ebd69edac0564c","0x778b81a2d7e0328f1b523e6e972b96609dd09a35","","0","0","0","0.00002885","0.0850653390536599","3215.73","","","0xc1756a2c",""
"0x1f61b3e31528912dd78ea4f06709a1d5ea2db59e1729dfe21b9148c0514af938","39267344","1714519353","2024-04-30 23:22:33","0xd7a4467a26d26d00cb6044ce09ebd69edac0564c","0x778b81a2d7e0328f1b523e6e972b96609dd09a35","","0","0","0","0.0000261","0.07695685786137","3011.46","","","0xc1756a2c",""
"0x02804eb879749ace1dd462223ae23fb9ddc8479bc3e0db7deffca89362f0bbdb","39283895","1714523479","2024-05-01 00:31:19","0xd7a4467a26d26d00cb6044ce09ebd69edac0564c","0x778b81a2d7e0328f1b523e6e972b96609dd09a35","","0","0","0","0.00002598","0.0766030332275246","2968.82","","","0xc1756a2c",""
"0x532df2425c3bce389f1c5e6ff8e76ee0195b29298788c87ee909086fa07113c7","39283916","1714523484","2024-05-01 00:31:24","0xd7a4467a26d26d00cb6044ce09ebd69edac0564c","0x778b81a2d7e0328f1b523e6e972b96609dd09a35","","0","0","0","0.00002587","0.076278693979833","2968.82","","","0xc1756a2c",""
"0x011039596f4b42ee9693902dfaafcfa455c184dee5d963d09926bd73d2d9c5ce","39284774","1714523691","2024-05-01 00:34:51","0xd7a4467a26d26d00cb6044ce09ebd69edac0564c","0x778b81a2d7e0328f1b523e6e972b96609dd09a35","","0","0","0","0.00003641","0.107356290985919","2968.82","","","0xc1756a2c",""
"0x1b584c4f487870b36b7177ab36a718b228734c065c03056a4efb3f91558ab21c","39286372","1714524089","2024-05-01 00:41:29","0xd7a4467a26d26d00cb6044ce09ebd69edac0564c","0x778b81a2d7e0328f1b523e6e972b96609dd09a35","","0","0","0","0.00002602","0.0767209747721397","2968.82","","","0xc1756a2c",""
"0x3a0bd6fa629dfbea7bf2bb6285505fcea25f94ff3315672d4546df5fe34557ae","39877526","1714671374","2024-05-02 17:36:14","0xd7a4467a26d26d00cb6044ce09ebd69edac0564c","0x778b81a2d7e0328f1b523e6e972b96609dd09a35","","0","0","0","0.00024877","0.733507951347625","2990.14","","","0xc1756a2c",""
"0x6a5d30ad24d7c4f7d46fc8e48057bf8c8754e50c6e37154328598c8d0740e3bc","39965049","1714693198","2024-05-02 23:39:58","0xd7a4467a26d26d00cb6044ce09ebd69edac0564c","0x778b81a2d7e0328f1b523e6e972b96609dd09a35","","0","0","0","0.00002947","0.0868934329951944","2990.14","","","0xc1756a2c",""
0x8279389e3786c854f9e06345cdd80a082587547c0c155e66fc6acceaced3f3a3,"40060805","1714717118","2024-05-03 06:18:38","0xd7a4467a26d26d00cb6044ce09ebd69edac0564c","0x778b81a2d7e0328f1b523e6e972b96609dd09a35","","0","0","0","0.00006815","0.200942906638022","3103.77","","","0xc1756a2c",""
"0x6a69c0b305a052dcceb205e27791789887bd81ee73012ed391c16aa7c6379abd","40368509","1714794150","2024-05-04 03:42:30","0xd7a4467a26d26d00cb6044ce09ebd69edac0564c","0x778b81a2d7e0328f1b523e6e972b96609dd09a35","","0","0","0","0.0000158","0.0465869101229749","3117.52","","","0xc1756a2c",""
"0x454090d32cc577aa3d2ce9166b3851e26c4fc8c57d919b3e77c108604445847a","40410044","1714804528","2024-05-04 06:35:28","0xd7a4467a26d26d00cb6044ce09ebd69edac0564c","0x778b81a2d7e0328f1b523e6e972b96609dd09a35","","0","0","0","0.00002824","0.0832667304982792","3117.52","","","0xc1756a2c",""
"0x6a0d413fd709de0c3886040d3bd24b54736e0d9d01725d438ffe861d81240330","40640873","1714862024","2024-05-04 22:33:44","0xd7a4467a26d26d00cb6044ce09ebd69edac0564c","0x778b81a2d7e0328f1b523e6e972b96609dd09a35","","0","0","0","0.00003826","0.112811087424368","3117.52","","","0xc1756a2c",""
"0x313dd043f6f54a797e531303c457b46bc837a69d702c59eddb6375bd7e82f51c","40952680","1714939881","2024-05-05 20:11:21","0xd7a4467a26d26d00cb6044ce09ebd69edac0564c","0x778b81a2d7e0328f1b523e6e972b96609dd09a35","","0","0","0","0.00004225","0.124575756499727","3137.09","","","0xc1756a2c",""
"0xe3d13a8d1a2a60129017b140660aba2432476139443853c26b8cb1025617efad","41246836","1715013375","2024-05-06 16:36:15","0xd7a4467a26d26d00cb6044ce09ebd69edac0564c","0x778b81a2d7e0328f1b523e6e972b96609dd09a35","","0","0","0","0.00014389","0.424265221366763","3063.19","","","0xc1756a2c",""
"0xe035cb55201061bf7e063a997c0d182d1b00798bdd3f720e499b942126749cb0","41253217","1715014971","2024-05-06 17:02:51","0xcca1595278f5b8cfda0380943af9b56493fa14de","0xd7a4467a26d26d00cb6044ce09ebd69edac0564c","","0.1","0","294.853861537816","0.00017278","0.509448501965039","3063.19","","","Transfer",""
"0x4bcb6bbd6dedc42bbc90c4c3d8e471ef8b0c861babfa2c6ebfe2ad4c2ddfe4b2","41280311","1715021738","2024-05-06 18:55:38","0xd7a4467a26d26d00cb6044ce09ebd69edac0564c","0x778b81a2d7e0328f1b523e6e972b96609dd09a35","","0","0","0","0.00007646","0.225445262531814","3063.19","","","0xc1756a2c",""
"0xb4c846b1ad48f44b71ac94f259dc2698c43c4d8f09f63d912d4cb6742fdfc80d","41433446","1715059876","2024-05-07 05:31:16","0xd7a4467a26d26d00cb6044ce09ebd69edac0564c","0x778b81a2d7e0328f1b523e6e972b96609dd09a35","","0","0","0","0.00002932","0.0864511522028877","3005.91","","","0xc1756a2c",""
"0x29e90c443e5405df3b1272340044538f87dd47a06c19b58c9c35276d8746b1e4","41822268","1715156918","2024-05-08 08:28:38","0xd7a4467a26d26d00cb6044ce09ebd69edac0564c","0x778b81a2d7e0328f1b523e6e972b96609dd09a35","","0","0","0","0.00011695","0.344831591068476","","","","0xc1756a2c",""
0x9b603adc5d01344e636d1eba94b6d47778d5b9627beb4b93dee225bc17f05806,"41931967","1715184296","2024-05-08 16:04:56","0xd7a4467a26d26d00cb6044ce09ebd69edac0564c","0x778b81a2d7e0328f1b523e6e972b96609dd09a35","","0","0","0","0.00008112","0.239185452479476","","","","0xc1756a2c",""
